ExperimentNumber,WorkloadNumber,RequestId,J,UserClass,Policy,CloudDeploymentModel,CloudletId,TaskType,CloudletLength,CloudletStatusString,SubmissionTime,ExecStartTime,FinalExecTime,FinishTime,InstanceVmId,VmType
               1,             1,        5,J={9-2},     GOLD,LFFCost,              Hybrid,        12,     Map,         10000,             Success,          1.10,         1.10,        17.62,     18.72,           5,large-aws-us-east-1
               1,             1,        5,J={9-2},     GOLD,LFFCost,              Hybrid,        15,     Map,         10000,             Success,          1.10,         1.10,        17.62,     18.72,           6,large-aws-us-east-1
               1,             1,        5,J={9-2},     GOLD,LFFCost,              Hybrid,        16,     Map,         10000,             Success,          1.10,         1.10,        17.62,     18.72,           7,large-aws-us-east-1
               1,             1,        5,J={9-2},     GOLD,LFFCost,              Hybrid,        17,     Map,         10000,             Success,          1.10,         1.10,        17.62,     18.72,           8,large-aws-us-east-1
               1,             1,        5,J={9-2},     GOLD,LFFCost,              Hybrid,        18,     Map,         10000,             Success,          1.10,         1.10,        17.62,     18.72,           9,large-aws-us-east-1
               1,             1,        5,J={9-2},     GOLD,LFFCost,              Hybrid,        19,     Map,         10000,             Success,          1.10,         1.10,        17.62,     18.72,          10,large-aws-us-east-1
               1,             1,        5,J={9-2},     GOLD,LFFCost,              Hybrid,        20,     Map,         10000,             Success,          1.10,         1.10,        17.62,     18.72,          11,large-aws-us-east-1
               1,             1,        5,J={9-2},     GOLD,LFFCost,              Hybrid,        21,     Map,         10000,             Success,          1.10,         1.10,        17.62,     18.72,          12,large-aws-us-east-1
               1,             1,        5,J={9-2},     GOLD,LFFCost,              Hybrid,        22,     Map,         10000,             Success,          1.10,         1.10,        17.62,     18.72,          13,large-aws-us-east-1
               1,             1,        5,J={9-2},     GOLD,LFFCost,              Hybrid,        13,  Reduce,          5000,             Success,         18.72,        18.72,         6.25,     24.97,           5,large-aws-us-east-1
               1,             1,        5,J={9-2},     GOLD,LFFCost,              Hybrid,        14,  Reduce,          1000,             Success,         18.72,        18.72,         1.25,     19.97,           6,large-aws-us-east-1
               1,             2,        9,J={9-2},     GOLD,BruteForceCost,              Hybrid,        23,     Map,         10000,             Success,          1.10,         1.10,        17.62,     18.72,          53,large-aws-us-east-1
               1,             2,        9,J={9-2},     GOLD,BruteForceCost,              Hybrid,        26,     Map,         10000,             Success,          1.10,        18.72,        12.50,     31.22,          53,large-aws-us-east-1
               1,             2,        9,J={9-2},     GOLD,BruteForceCost,              Hybrid,        27,     Map,         10000,             Success,          1.10,        31.22,        12.50,     43.72,          53,large-aws-us-east-1
               1,             2,        9,J={9-2},     GOLD,BruteForceCost,              Hybrid,        28,     Map,         10000,             Success,          1.10,        43.72,        12.50,     56.22,          53,large-aws-us-east-1
               1,             2,        9,J={9-2},     GOLD,BruteForceCost,              Hybrid,        29,     Map,         10000,             Success,          1.10,        56.22,        12.50,     68.72,          53,large-aws-us-east-1
               1,             2,        9,J={9-2},     GOLD,BruteForceCost,              Hybrid,        30,     Map,         10000,             Success,          1.10,        68.72,        12.50,     81.22,          53,large-aws-us-east-1
               1,             2,        9,J={9-2},     GOLD,BruteForceCost,              Hybrid,        31,     Map,         10000,             Success,          1.10,        81.22,        12.50,     93.72,          53,large-aws-us-east-1
               1,             2,        9,J={9-2},     GOLD,BruteForceCost,              Hybrid,        32,     Map,         10000,             Success,          1.10,         1.10,       108.80,    109.90,          86,openstack-micro
               1,             2,        9,J={9-2},     GOLD,BruteForceCost,              Hybrid,        33,     Map,         10000,             Success,          1.10,       109.90,       100.00,    209.90,          86,openstack-micro
               1,             2,        9,J={9-2},     GOLD,BruteForceCost,              Hybrid,        24,  Reduce,          5000,             Success,        209.90,       209.90,         6.25,    216.15,          53,large-aws-us-east-1
               1,             2,        9,J={9-2},     GOLD,BruteForceCost,              Hybrid,        25,  Reduce,          1000,             Success,        209.90,       216.15,         1.25,    217.40,          53,large-aws-us-east-1
               1,             3,       14,J={9-2},     GOLD,BacktrackingCost,              Hybrid,        34,     Map,             1,             Created,          0.00,         0.00,        -1.00,     -1.00,          -1,ERR null
               1,             3,       14,J={9-2},     GOLD,BacktrackingCost,              Hybrid,        37,     Map,             1,             Created,          0.00,         0.00,        -1.00,     -1.00,          -1,ERR null
               1,             3,       14,J={9-2},     GOLD,BacktrackingCost,              Hybrid,        38,     Map,             1,             Created,          0.00,         0.00,        -1.00,     -1.00,          -1,ERR null
               1,             3,       14,J={9-2},     GOLD,BacktrackingCost,              Hybrid,        39,     Map,             1,             Created,          0.00,         0.00,        -1.00,     -1.00,          -1,ERR null
               1,             3,       14,J={9-2},     GOLD,BacktrackingCost,              Hybrid,        40,     Map,             1,             Created,          0.00,         0.00,        -1.00,     -1.00,          -1,ERR null
               1,             3,       14,J={9-2},     GOLD,BacktrackingCost,              Hybrid,        41,     Map,             1,             Created,          0.00,         0.00,        -1.00,     -1.00,          -1,ERR null
               1,             3,       14,J={9-2},     GOLD,BacktrackingCost,              Hybrid,        42,     Map,             1,             Created,          0.00,         0.00,        -1.00,     -1.00,          -1,ERR null
               1,             3,       14,J={9-2},     GOLD,BacktrackingCost,              Hybrid,        43,     Map,             1,             Created,          0.00,         0.00,        -1.00,     -1.00,          -1,ERR null
               1,             3,       14,J={9-2},     GOLD,BacktrackingCost,              Hybrid,        44,     Map,             1,             Created,          0.00,         0.00,        -1.00,     -1.00,          -1,ERR null
               1,             3,       14,J={9-2},     GOLD,BacktrackingCost,              Hybrid,        35,  Reduce,             1,             Created,          0.00,         0.00,        -1.00,     -1.00,          -1,ERR null
               1,             3,       14,J={9-2},     GOLD,BacktrackingCost,              Hybrid,        36,  Reduce,             1,             Created,          0.00,         0.00,        -1.00,     -1.00,          -1,ERR null
               1,             4,       20,J={9-2},     GOLD,BacktrackingCostPerf,              Hybrid,        45,     Map,             1,             Created,          0.00,         0.00,        -1.00,     -1.00,          -1,ERR null
               1,             4,       20,J={9-2},     GOLD,BacktrackingCostPerf,              Hybrid,        48,     Map,             1,             Created,          0.00,         0.00,        -1.00,     -1.00,          -1,ERR null
               1,             4,       20,J={9-2},     GOLD,BacktrackingCostPerf,              Hybrid,        49,     Map,             1,             Created,          0.00,         0.00,        -1.00,     -1.00,          -1,ERR null
               1,             4,       20,J={9-2},     GOLD,BacktrackingCostPerf,              Hybrid,        50,     Map,             1,             Created,          0.00,         0.00,        -1.00,     -1.00,          -1,ERR null
               1,             4,       20,J={9-2},     GOLD,BacktrackingCostPerf,              Hybrid,        51,     Map,             1,             Created,          0.00,         0.00,        -1.00,     -1.00,          -1,ERR null
               1,             4,       20,J={9-2},     GOLD,BacktrackingCostPerf,              Hybrid,        52,     Map,             1,             Created,          0.00,         0.00,        -1.00,     -1.00,          -1,ERR null
               1,             4,       20,J={9-2},     GOLD,BacktrackingCostPerf,              Hybrid,        53,     Map,             1,             Created,          0.00,         0.00,        -1.00,     -1.00,          -1,ERR null
               1,             4,       20,J={9-2},     GOLD,BacktrackingCostPerf,              Hybrid,        54,     Map,             1,             Created,          0.00,         0.00,        -1.00,     -1.00,          -1,ERR null
               1,             4,       20,J={9-2},     GOLD,BacktrackingCostPerf,              Hybrid,        55,     Map,             1,             Created,          0.00,         0.00,        -1.00,     -1.00,          -1,ERR null
               1,             4,       20,J={9-2},     GOLD,BacktrackingCostPerf,              Hybrid,        46,  Reduce,             1,             Created,          0.00,         0.00,        -1.00,     -1.00,          -1,ERR null
               1,             4,       20,J={9-2},     GOLD,BacktrackingCostPerf,              Hybrid,        47,  Reduce,             1,             Created,          0.00,         0.00,        -1.00,     -1.00,          -1,ERR null
               1,             5,       27,J={9-2},     GOLD,BacktrackingMultiCost,              Hybrid,        56,     Map,             1,             Created,          0.00,         0.00,        -1.00,     -1.00,          -1,ERR null
               1,             5,       27,J={9-2},     GOLD,BacktrackingMultiCost,              Hybrid,        59,     Map,             1,             Created,          0.00,         0.00,        -1.00,     -1.00,          -1,ERR null
               1,             5,       27,J={9-2},     GOLD,BacktrackingMultiCost,              Hybrid,        60,     Map,             1,             Created,          0.00,         0.00,        -1.00,     -1.00,          -1,ERR null
               1,             5,       27,J={9-2},     GOLD,BacktrackingMultiCost,              Hybrid,        61,     Map,             1,             Created,          0.00,         0.00,        -1.00,     -1.00,          -1,ERR null
               1,             5,       27,J={9-2},     GOLD,BacktrackingMultiCost,              Hybrid,        62,     Map,             1,             Created,          0.00,         0.00,        -1.00,     -1.00,          -1,ERR null
               1,             5,       27,J={9-2},     GOLD,BacktrackingMultiCost,              Hybrid,        63,     Map,             1,             Created,          0.00,         0.00,        -1.00,     -1.00,          -1,ERR null
               1,             5,       27,J={9-2},     GOLD,BacktrackingMultiCost,              Hybrid,        64,     Map,             1,             Created,          0.00,         0.00,        -1.00,     -1.00,          -1,ERR null
               1,             5,       27,J={9-2},     GOLD,BacktrackingMultiCost,              Hybrid,        65,     Map,             1,             Created,          0.00,         0.00,        -1.00,     -1.00,          -1,ERR null
               1,             5,       27,J={9-2},     GOLD,BacktrackingMultiCost,              Hybrid,        66,     Map,             1,             Created,          0.00,         0.00,        -1.00,     -1.00,          -1,ERR null
               1,             5,       27,J={9-2},     GOLD,BacktrackingMultiCost,              Hybrid,        57,  Reduce,             1,             Created,          0.00,         0.00,        -1.00,     -1.00,          -1,ERR null
               1,             5,       27,J={9-2},     GOLD,BacktrackingMultiCost,              Hybrid,        58,  Reduce,             1,             Created,          0.00,         0.00,        -1.00,     -1.00,          -1,ERR null
               1,             6,       38,J={9-2},     GOLD,BacktrackingDecision,              Hybrid,        67,     Map,             1,             Created,          0.00,         0.00,        -1.00,     -1.00,          -1,ERR null
               1,             6,       38,J={9-2},     GOLD,BacktrackingDecision,              Hybrid,        70,     Map,             1,             Created,          0.00,         0.00,        -1.00,     -1.00,          -1,ERR null
               1,             6,       38,J={9-2},     GOLD,BacktrackingDecision,              Hybrid,        71,     Map,             1,             Created,          0.00,         0.00,        -1.00,     -1.00,          -1,ERR null
               1,             6,       38,J={9-2},     GOLD,BacktrackingDecision,              Hybrid,        72,     Map,             1,             Created,          0.00,         0.00,        -1.00,     -1.00,          -1,ERR null
               1,             6,       38,J={9-2},     GOLD,BacktrackingDecision,              Hybrid,        73,     Map,             1,             Created,          0.00,         0.00,        -1.00,     -1.00,          -1,ERR null
               1,             6,       38,J={9-2},     GOLD,BacktrackingDecision,              Hybrid,        74,     Map,             1,             Created,          0.00,         0.00,        -1.00,     -1.00,          -1,ERR null
               1,             6,       38,J={9-2},     GOLD,BacktrackingDecision,              Hybrid,        75,     Map,             1,             Created,          0.00,         0.00,        -1.00,     -1.00,          -1,ERR null
               1,             6,       38,J={9-2},     GOLD,BacktrackingDecision,              Hybrid,        76,     Map,             1,             Created,          0.00,         0.00,        -1.00,     -1.00,          -1,ERR null
               1,             6,       38,J={9-2},     GOLD,BacktrackingDecision,              Hybrid,        77,     Map,             1,             Created,          0.00,         0.00,        -1.00,     -1.00,          -1,ERR null
               1,             6,       38,J={9-2},     GOLD,BacktrackingDecision,              Hybrid,        68,  Reduce,             1,             Created,          0.00,         0.00,        -1.00,     -1.00,          -1,ERR null
               1,             6,       38,J={9-2},     GOLD,BacktrackingDecision,              Hybrid,        69,  Reduce,             1,             Created,          0.00,         0.00,        -1.00,     -1.00,          -1,ERR null
               2,             1,       48,J={9-2},     GOLD,LFFCost,              Hybrid,        89,     Map,         10000,             Success,          1.10,         1.10,       106.40,    107.50,         326,openstack-micro
               2,             1,       48,J={9-2},     GOLD,LFFCost,              Hybrid,        92,     Map,         10000,             Success,          1.10,         1.10,       106.40,    107.50,         327,openstack-micro
               2,             1,       48,J={9-2},     GOLD,LFFCost,              Hybrid,        93,     Map,         10000,             Success,          1.10,         1.10,       106.40,    107.50,         328,openstack-micro
               2,             1,       48,J={9-2},     GOLD,LFFCost,              Hybrid,        94,     Map,         10000,             Success,          1.10,         1.10,       106.40,    107.50,         329,openstack-micro
               2,             1,       48,J={9-2},     GOLD,LFFCost,              Hybrid,        95,     Map,         10000,             Success,          1.10,         1.10,       106.40,    107.50,         330,openstack-micro
               2,             1,       48,J={9-2},     GOLD,LFFCost,              Hybrid,        96,     Map,         10000,             Success,          1.10,         1.10,       106.40,    107.50,         331,openstack-micro
               2,             1,       48,J={9-2},     GOLD,LFFCost,              Hybrid,        97,     Map,         10000,             Success,          1.10,         1.10,       106.40,    107.50,         332,openstack-micro
               2,             1,       48,J={9-2},     GOLD,LFFCost,              Hybrid,        98,     Map,         10000,             Success,          1.10,         1.10,       106.40,    107.50,         333,openstack-micro
               2,             1,       48,J={9-2},     GOLD,LFFCost,              Hybrid,        99,     Map,         10000,             Success,          1.10,         1.10,       106.40,    107.50,         334,openstack-micro
               2,             1,       48,J={9-2},     GOLD,LFFCost,              Hybrid,        90,  Reduce,          5000,             Success,        107.50,       107.50,        50.00,    157.50,         326,openstack-micro
               2,             1,       48,J={9-2},     GOLD,LFFCost,              Hybrid,        91,  Reduce,          1000,             Success,        107.50,       107.50,        10.00,    117.50,         327,openstack-micro
               2,             2,       52,J={9-2},     GOLD,BruteForceCost,              Hybrid,       100,     Map,         10000,             Success,          1.10,         1.10,        17.62,     18.72,         341,large-aws-us-east-1
               2,             2,       52,J={9-2},     GOLD,BruteForceCost,              Hybrid,       103,     Map,         10000,             Success,          1.10,        18.72,        12.50,     31.22,         341,large-aws-us-east-1
               2,             2,       52,J={9-2},     GOLD,BruteForceCost,              Hybrid,       104,     Map,         10000,             Success,          1.10,        31.22,        12.50,     43.72,         341,large-aws-us-east-1
               2,             2,       52,J={9-2},     GOLD,BruteForceCost,              Hybrid,       105,     Map,         10000,             Success,          1.10,        43.72,        12.50,     56.22,         341,large-aws-us-east-1
               2,             2,       52,J={9-2},     GOLD,BruteForceCost,              Hybrid,       106,     Map,         10000,             Success,          1.10,        56.22,        12.50,     68.72,         341,large-aws-us-east-1
               2,             2,       52,J={9-2},     GOLD,BruteForceCost,              Hybrid,       107,     Map,         10000,             Success,          1.10,        68.72,        12.50,     81.22,         341,large-aws-us-east-1
               2,             2,       52,J={9-2},     GOLD,BruteForceCost,              Hybrid,       108,     Map,         10000,             Success,          1.10,        81.22,        12.50,     93.72,         341,large-aws-us-east-1
               2,             2,       52,J={9-2},     GOLD,BruteForceCost,              Hybrid,       109,     Map,         10000,             Success,          1.10,         1.10,       108.80,    109.90,         374,openstack-micro
               2,             2,       52,J={9-2},     GOLD,BruteForceCost,              Hybrid,       110,     Map,         10000,             Success,          1.10,       109.90,       100.00,    209.90,         374,openstack-micro
               2,             2,       52,J={9-2},     GOLD,BruteForceCost,              Hybrid,       101,  Reduce,          5000,             Success,        209.90,       209.90,         6.25,    216.15,         341,large-aws-us-east-1
               2,             2,       52,J={9-2},     GOLD,BruteForceCost,              Hybrid,       102,  Reduce,          1000,             Success,        209.90,       216.15,         1.25,    217.40,         341,large-aws-us-east-1
               2,             3,       57,J={9-2},     GOLD,BacktrackingCost,              Hybrid,       111,     Map,             1,             Created,          0.00,         0.00,        -1.00,     -1.00,          -1,ERR null
               2,             3,       57,J={9-2},     GOLD,BacktrackingCost,              Hybrid,       114,     Map,             1,             Created,          0.00,         0.00,        -1.00,     -1.00,          -1,ERR null
               2,             3,       57,J={9-2},     GOLD,BacktrackingCost,              Hybrid,       115,     Map,             1,             Created,          0.00,         0.00,        -1.00,     -1.00,          -1,ERR null
               2,             3,       57,J={9-2},     GOLD,BacktrackingCost,              Hybrid,       116,     Map,             1,             Created,          0.00,         0.00,        -1.00,     -1.00,          -1,ERR null
               2,             3,       57,J={9-2},     GOLD,BacktrackingCost,              Hybrid,       117,     Map,             1,             Created,          0.00,         0.00,        -1.00,     -1.00,          -1,ERR null
               2,             3,       57,J={9-2},     GOLD,BacktrackingCost,              Hybrid,       118,     Map,             1,             Created,          0.00,         0.00,        -1.00,     -1.00,          -1,ERR null
               2,             3,       57,J={9-2},     GOLD,BacktrackingCost,              Hybrid,       119,     Map,             1,             Created,          0.00,         0.00,        -1.00,     -1.00,          -1,ERR null
               2,             3,       57,J={9-2},     GOLD,BacktrackingCost,              Hybrid,       120,     Map,             1,             Created,          0.00,         0.00,        -1.00,     -1.00,          -1,ERR null
               2,             3,       57,J={9-2},     GOLD,BacktrackingCost,              Hybrid,       121,     Map,             1,             Created,          0.00,         0.00,        -1.00,     -1.00,          -1,ERR null
               2,             3,       57,J={9-2},     GOLD,BacktrackingCost,              Hybrid,       112,  Reduce,             1,             Created,          0.00,         0.00,        -1.00,     -1.00,          -1,ERR null
               2,             3,       57,J={9-2},     GOLD,BacktrackingCost,              Hybrid,       113,  Reduce,             1,             Created,          0.00,         0.00,        -1.00,     -1.00,          -1,ERR null
               2,             4,       63,J={9-2},     GOLD,BacktrackingCostPerf,              Hybrid,       122,     Map,         10000,             Success,          1.10,         1.10,       106.40,    107.50,         470,openstack-micro
               2,             4,       63,J={9-2},     GOLD,BacktrackingCostPerf,              Hybrid,       125,     Map,         10000,             Success,          1.10,       107.50,       100.00,    207.50,         470,openstack-micro
               2,             4,       63,J={9-2},     GOLD,BacktrackingCostPerf,              Hybrid,       126,     Map,         10000,             Success,          1.10,       207.50,       100.00,    307.50,         470,openstack-micro
               2,             4,       63,J={9-2},     GOLD,BacktrackingCostPerf,              Hybrid,       127,     Map,         10000,             Success,          1.10,       307.50,       100.00,    407.50,         470,openstack-micro
               2,             4,       63,J={9-2},     GOLD,BacktrackingCostPerf,              Hybrid,       128,     Map,         10000,             Success,          1.10,       407.50,       100.00,    507.50,         470,openstack-micro
               2,             4,       63,J={9-2},     GOLD,BacktrackingCostPerf,              Hybrid,       129,     Map,         10000,             Success,          1.10,       507.50,       100.00,    607.50,         470,openstack-micro
               2,             4,       63,J={9-2},     GOLD,BacktrackingCostPerf,              Hybrid,       130,     Map,         10000,             Success,          1.10,       607.50,       100.00,    707.50,         470,openstack-micro
               2,             4,       63,J={9-2},     GOLD,BacktrackingCostPerf,              Hybrid,       131,     Map,         10000,             Success,          1.10,       707.50,       100.00,    807.50,         470,openstack-micro
               2,             4,       63,J={9-2},     GOLD,BacktrackingCostPerf,              Hybrid,       132,     Map,         10000,             Success,          1.10,       807.50,       100.00,    907.50,         470,openstack-micro
               2,             4,       63,J={9-2},     GOLD,BacktrackingCostPerf,              Hybrid,       123,  Reduce,          5000,             Success,        907.50,       907.50,        50.00,    957.50,         470,openstack-micro
               2,             4,       63,J={9-2},     GOLD,BacktrackingCostPerf,              Hybrid,       124,  Reduce,          1000,             Success,        907.50,       957.50,        10.00,    967.50,         470,openstack-micro
               2,             5,       71,J={9-2},     GOLD,BacktrackingMultiCost,              Hybrid,       133,     Map,         10000,             Success,          1.10,         1.10,       106.40,    107.50,         518,openstack-micro
               2,             5,       71,J={9-2},     GOLD,BacktrackingMultiCost,              Hybrid,       136,     Map,         10000,             Success,          1.10,       107.50,       100.00,    207.50,         518,openstack-micro
               2,             5,       71,J={9-2},     GOLD,BacktrackingMultiCost,              Hybrid,       137,     Map,         10000,             Success,          1.10,       207.50,       100.00,    307.50,         518,openstack-micro
               2,             5,       71,J={9-2},     GOLD,BacktrackingMultiCost,              Hybrid,       138,     Map,         10000,             Success,          1.10,       307.50,       100.00,    407.50,         518,openstack-micro
               2,             5,       71,J={9-2},     GOLD,BacktrackingMultiCost,              Hybrid,       139,     Map,         10000,             Success,          1.10,       407.50,       100.00,    507.50,         518,openstack-micro
               2,             5,       71,J={9-2},     GOLD,BacktrackingMultiCost,              Hybrid,       140,     Map,         10000,             Success,          1.10,       507.50,       100.00,    607.50,         518,openstack-micro
               2,             5,       71,J={9-2},     GOLD,BacktrackingMultiCost,              Hybrid,       141,     Map,         10000,             Success,          1.10,       607.50,       100.00,    707.50,         518,openstack-micro
               2,             5,       71,J={9-2},     GOLD,BacktrackingMultiCost,              Hybrid,       142,     Map,         10000,             Success,          1.10,       707.50,       100.00,    807.50,         518,openstack-micro
               2,             5,       71,J={9-2},     GOLD,BacktrackingMultiCost,              Hybrid,       143,     Map,         10000,             Success,          1.10,       807.50,       100.00,    907.50,         518,openstack-micro
               2,             5,       71,J={9-2},     GOLD,BacktrackingMultiCost,              Hybrid,       134,  Reduce,          5000,             Success,        907.50,       907.50,        50.00,    957.50,         518,openstack-micro
               2,             5,       71,J={9-2},     GOLD,BacktrackingMultiCost,              Hybrid,       135,  Reduce,          1000,             Success,        907.50,       957.50,        10.00,    967.50,         518,openstack-micro
               2,             6,       83,J={9-2},     GOLD,BacktrackingDecision,              Hybrid,       144,     Map,         10000,             Success,          1.10,         1.10,       106.40,    107.50,         566,openstack-micro
               2,             6,       83,J={9-2},     GOLD,BacktrackingDecision,              Hybrid,       147,     Map,         10000,             Success,          1.10,         1.10,       106.40,    107.50,         567,openstack-micro
               2,             6,       83,J={9-2},     GOLD,BacktrackingDecision,              Hybrid,       148,     Map,         10000,             Success,          1.10,         1.10,       106.40,    107.50,         568,openstack-micro
               2,             6,       83,J={9-2},     GOLD,BacktrackingDecision,              Hybrid,       149,     Map,         10000,             Success,          1.10,         1.10,       106.40,    107.50,         569,openstack-micro
               2,             6,       83,J={9-2},     GOLD,BacktrackingDecision,              Hybrid,       150,     Map,         10000,             Success,          1.10,         1.10,       106.40,    107.50,         570,openstack-micro
               2,             6,       83,J={9-2},     GOLD,BacktrackingDecision,              Hybrid,       151,     Map,         10000,             Success,          1.10,         1.10,       106.40,    107.50,         571,openstack-micro
               2,             6,       83,J={9-2},     GOLD,BacktrackingDecision,              Hybrid,       152,     Map,         10000,             Success,          1.10,         1.10,       106.40,    107.50,         572,openstack-micro
               2,             6,       83,J={9-2},     GOLD,BacktrackingDecision,              Hybrid,       153,     Map,         10000,             Success,          1.10,         1.10,       106.40,    107.50,         573,openstack-micro
               2,             6,       83,J={9-2},     GOLD,BacktrackingDecision,              Hybrid,       154,     Map,         10000,             Success,          1.10,         1.10,       106.40,    107.50,         574,openstack-micro
               2,             6,       83,J={9-2},     GOLD,BacktrackingDecision,              Hybrid,       145,  Reduce,          5000,             Success,        107.50,       107.50,        50.00,    157.50,         566,openstack-micro
               2,             6,       83,J={9-2},     GOLD,BacktrackingDecision,              Hybrid,       146,  Reduce,          1000,             Success,        107.50,       107.50,        10.00,    117.50,         567,openstack-micro
               3,             1,       94,J={9-2},     GOLD,LFFCost,              Hybrid,       166,     Map,         10000,             Success,          1.10,         1.10,       106.40,    107.50,         614,openstack-micro
               3,             1,       94,J={9-2},     GOLD,LFFCost,              Hybrid,       169,     Map,         10000,             Success,          1.10,         1.10,       106.40,    107.50,         615,openstack-micro
               3,             1,       94,J={9-2},     GOLD,LFFCost,              Hybrid,       170,     Map,         10000,             Success,          1.10,         1.10,       106.40,    107.50,         616,openstack-micro
               3,             1,       94,J={9-2},     GOLD,LFFCost,              Hybrid,       171,     Map,         10000,             Success,          1.10,         1.10,       106.40,    107.50,         617,openstack-micro
               3,             1,       94,J={9-2},     GOLD,LFFCost,              Hybrid,       172,     Map,         10000,             Success,          1.10,         1.10,       106.40,    107.50,         618,openstack-micro
               3,             1,       94,J={9-2},     GOLD,LFFCost,              Hybrid,       173,     Map,         10000,             Success,          1.10,         1.10,       106.40,    107.50,         619,openstack-micro
               3,             1,       94,J={9-2},     GOLD,LFFCost,              Hybrid,       174,     Map,         10000,             Success,          1.10,         1.10,       106.40,    107.50,         620,openstack-micro
               3,             1,       94,J={9-2},     GOLD,LFFCost,              Hybrid,       175,     Map,         10000,             Success,          1.10,         1.10,       106.40,    107.50,         621,openstack-micro
               3,             1,       94,J={9-2},     GOLD,LFFCost,              Hybrid,       176,     Map,         10000,             Success,          1.10,         1.10,       106.40,    107.50,         622,openstack-micro
               3,             1,       94,J={9-2},     GOLD,LFFCost,              Hybrid,       167,  Reduce,          5000,             Success,        107.50,       107.50,        50.00,    157.50,         614,openstack-micro
               3,             1,       94,J={9-2},     GOLD,LFFCost,              Hybrid,       168,  Reduce,          1000,             Success,        107.50,       107.50,        10.00,    117.50,         615,openstack-micro
               3,             2,       98,J={9-2},     GOLD,BruteForceCost,              Hybrid,       177,     Map,         10000,             Success,          1.10,         1.10,        17.62,     18.72,         629,large-aws-us-east-1
               3,             2,       98,J={9-2},     GOLD,BruteForceCost,              Hybrid,       180,     Map,         10000,             Success,          1.10,        18.72,        12.50,     31.22,         629,large-aws-us-east-1
               3,             2,       98,J={9-2},     GOLD,BruteForceCost,              Hybrid,       181,     Map,         10000,             Success,          1.10,        31.22,        12.50,     43.72,         629,large-aws-us-east-1
               3,             2,       98,J={9-2},     GOLD,BruteForceCost,              Hybrid,       182,     Map,         10000,             Success,          1.10,        43.72,        12.50,     56.22,         629,large-aws-us-east-1
               3,             2,       98,J={9-2},     GOLD,BruteForceCost,              Hybrid,       183,     Map,         10000,             Success,          1.10,        56.22,        12.50,     68.72,         629,large-aws-us-east-1
               3,             2,       98,J={9-2},     GOLD,BruteForceCost,              Hybrid,       184,     Map,         10000,             Success,          1.10,        68.72,        12.50,     81.22,         629,large-aws-us-east-1
               3,             2,       98,J={9-2},     GOLD,BruteForceCost,              Hybrid,       185,     Map,         10000,             Success,          1.10,        81.22,        12.50,     93.72,         629,large-aws-us-east-1
               3,             2,       98,J={9-2},     GOLD,BruteForceCost,              Hybrid,       186,     Map,         10000,             Success,          1.10,         1.10,       108.80,    109.90,         662,openstack-micro
               3,             2,       98,J={9-2},     GOLD,BruteForceCost,              Hybrid,       187,     Map,         10000,             Success,          1.10,       109.90,       100.00,    209.90,         662,openstack-micro
               3,             2,       98,J={9-2},     GOLD,BruteForceCost,              Hybrid,       178,  Reduce,          5000,             Success,        209.90,       209.90,         6.25,    216.15,         629,large-aws-us-east-1
               3,             2,       98,J={9-2},     GOLD,BruteForceCost,              Hybrid,       179,  Reduce,          1000,             Success,        209.90,       216.15,         1.25,    217.40,         629,large-aws-us-east-1
               3,             3,      103,J={9-2},     GOLD,BacktrackingCost,              Hybrid,       188,     Map,             1,             Created,          0.00,         0.00,        -1.00,     -1.00,          -1,ERR null
               3,             3,      103,J={9-2},     GOLD,BacktrackingCost,              Hybrid,       191,     Map,             1,             Created,          0.00,         0.00,        -1.00,     -1.00,          -1,ERR null
               3,             3,      103,J={9-2},     GOLD,BacktrackingCost,              Hybrid,       192,     Map,             1,             Created,          0.00,         0.00,        -1.00,     -1.00,          -1,ERR null
               3,             3,      103,J={9-2},     GOLD,BacktrackingCost,              Hybrid,       193,     Map,             1,             Created,          0.00,         0.00,        -1.00,     -1.00,          -1,ERR null
               3,             3,      103,J={9-2},     GOLD,BacktrackingCost,              Hybrid,       194,     Map,             1,             Created,          0.00,         0.00,        -1.00,     -1.00,          -1,ERR null
               3,             3,      103,J={9-2},     GOLD,BacktrackingCost,              Hybrid,       195,     Map,             1,             Created,          0.00,         0.00,        -1.00,     -1.00,          -1,ERR null
               3,             3,      103,J={9-2},     GOLD,BacktrackingCost,              Hybrid,       196,     Map,             1,             Created,          0.00,         0.00,        -1.00,     -1.00,          -1,ERR null
               3,             3,      103,J={9-2},     GOLD,BacktrackingCost,              Hybrid,       197,     Map,             1,             Created,          0.00,         0.00,        -1.00,     -1.00,          -1,ERR null
               3,             3,      103,J={9-2},     GOLD,BacktrackingCost,              Hybrid,       198,     Map,             1,             Created,          0.00,         0.00,        -1.00,     -1.00,          -1,ERR null
               3,             3,      103,J={9-2},     GOLD,BacktrackingCost,              Hybrid,       189,  Reduce,             1,             Created,          0.00,         0.00,        -1.00,     -1.00,          -1,ERR null
               3,             3,      103,J={9-2},     GOLD,BacktrackingCost,              Hybrid,       190,  Reduce,             1,             Created,          0.00,         0.00,        -1.00,     -1.00,          -1,ERR null
               3,             4,      109,J={9-2},     GOLD,BacktrackingCostPerf,              Hybrid,       199,     Map,         10000,             Success,          1.10,         1.10,       106.40,    107.50,         758,openstack-micro
               3,             4,      109,J={9-2},     GOLD,BacktrackingCostPerf,              Hybrid,       202,     Map,         10000,             Success,          1.10,       107.50,       100.00,    207.50,         758,openstack-micro
               3,             4,      109,J={9-2},     GOLD,BacktrackingCostPerf,              Hybrid,       203,     Map,         10000,             Success,          1.10,       207.50,       100.00,    307.50,         758,openstack-micro
               3,             4,      109,J={9-2},     GOLD,BacktrackingCostPerf,              Hybrid,       204,     Map,         10000,             Success,          1.10,       307.50,       100.00,    407.50,         758,openstack-micro
               3,             4,      109,J={9-2},     GOLD,BacktrackingCostPerf,              Hybrid,       205,     Map,         10000,             Success,          1.10,       407.50,       100.00,    507.50,         758,openstack-micro
               3,             4,      109,J={9-2},     GOLD,BacktrackingCostPerf,              Hybrid,       206,     Map,         10000,             Success,          1.10,       507.50,       100.00,    607.50,         758,openstack-micro
               3,             4,      109,J={9-2},     GOLD,BacktrackingCostPerf,              Hybrid,       207,     Map,         10000,             Success,          1.10,       607.50,       100.00,    707.50,         758,openstack-micro
               3,             4,      109,J={9-2},     GOLD,BacktrackingCostPerf,              Hybrid,       208,     Map,         10000,             Success,          1.10,       707.50,       100.00,    807.50,         758,openstack-micro
               3,             4,      109,J={9-2},     GOLD,BacktrackingCostPerf,              Hybrid,       209,     Map,         10000,             Success,          1.10,       807.50,       100.00,    907.50,         758,openstack-micro
               3,             4,      109,J={9-2},     GOLD,BacktrackingCostPerf,              Hybrid,       200,  Reduce,          5000,             Success,        907.50,       907.50,        50.00,    957.50,         758,openstack-micro
               3,             4,      109,J={9-2},     GOLD,BacktrackingCostPerf,              Hybrid,       201,  Reduce,          1000,             Success,        907.50,       957.50,        10.00,    967.50,         758,openstack-micro
               3,             5,      117,J={9-2},     GOLD,BacktrackingMultiCost,              Hybrid,       210,     Map,         10000,             Success,          1.10,         1.10,       106.40,    107.50,         806,openstack-micro
               3,             5,      117,J={9-2},     GOLD,BacktrackingMultiCost,              Hybrid,       213,     Map,         10000,             Success,          1.10,       107.50,       100.00,    207.50,         806,openstack-micro
               3,             5,      117,J={9-2},     GOLD,BacktrackingMultiCost,              Hybrid,       214,     Map,         10000,             Success,          1.10,       207.50,       100.00,    307.50,         806,openstack-micro
               3,             5,      117,J={9-2},     GOLD,BacktrackingMultiCost,              Hybrid,       215,     Map,         10000,             Success,          1.10,       307.50,       100.00,    407.50,         806,openstack-micro
               3,             5,      117,J={9-2},     GOLD,BacktrackingMultiCost,              Hybrid,       216,     Map,         10000,             Success,          1.10,       407.50,       100.00,    507.50,         806,openstack-micro
               3,             5,      117,J={9-2},     GOLD,BacktrackingMultiCost,              Hybrid,       217,     Map,         10000,             Success,          1.10,       507.50,       100.00,    607.50,         806,openstack-micro
               3,             5,      117,J={9-2},     GOLD,BacktrackingMultiCost,              Hybrid,       218,     Map,         10000,             Success,          1.10,       607.50,       100.00,    707.50,         806,openstack-micro
               3,             5,      117,J={9-2},     GOLD,BacktrackingMultiCost,              Hybrid,       219,     Map,         10000,             Success,          1.10,       707.50,       100.00,    807.50,         806,openstack-micro
               3,             5,      117,J={9-2},     GOLD,BacktrackingMultiCost,              Hybrid,       220,     Map,         10000,             Success,          1.10,       807.50,       100.00,    907.50,         806,openstack-micro
               3,             5,      117,J={9-2},     GOLD,BacktrackingMultiCost,              Hybrid,       211,  Reduce,          5000,             Success,        907.50,       907.50,        50.00,    957.50,         806,openstack-micro
               3,             5,      117,J={9-2},     GOLD,BacktrackingMultiCost,              Hybrid,       212,  Reduce,          1000,             Success,        907.50,       957.50,        10.00,    967.50,         806,openstack-micro
               3,             6,      129,J={9-2},     GOLD,BacktrackingDecision,              Hybrid,       221,     Map,         10000,             Success,          1.10,         1.10,       106.40,    107.50,         854,openstack-micro
               3,             6,      129,J={9-2},     GOLD,BacktrackingDecision,              Hybrid,       224,     Map,         10000,             Success,          1.10,         1.10,       106.40,    107.50,         855,openstack-micro
               3,             6,      129,J={9-2},     GOLD,BacktrackingDecision,              Hybrid,       225,     Map,         10000,             Success,          1.10,         1.10,       106.40,    107.50,         856,openstack-micro
               3,             6,      129,J={9-2},     GOLD,BacktrackingDecision,              Hybrid,       226,     Map,         10000,             Success,          1.10,         1.10,       106.40,    107.50,         857,openstack-micro
               3,             6,      129,J={9-2},     GOLD,BacktrackingDecision,              Hybrid,       227,     Map,         10000,             Success,          1.10,         1.10,       106.40,    107.50,         858,openstack-micro
               3,             6,      129,J={9-2},     GOLD,BacktrackingDecision,              Hybrid,       228,     Map,         10000,             Success,          1.10,         1.10,       106.40,    107.50,         859,openstack-micro
               3,             6,      129,J={9-2},     GOLD,BacktrackingDecision,              Hybrid,       229,     Map,         10000,             Success,          1.10,         1.10,       106.40,    107.50,         860,openstack-micro
               3,             6,      129,J={9-2},     GOLD,BacktrackingDecision,              Hybrid,       230,     Map,         10000,             Success,          1.10,         1.10,       106.40,    107.50,         861,openstack-micro
               3,             6,      129,J={9-2},     GOLD,BacktrackingDecision,              Hybrid,       231,     Map,         10000,             Success,          1.10,         1.10,       106.40,    107.50,         862,openstack-micro
               3,             6,      129,J={9-2},     GOLD,BacktrackingDecision,              Hybrid,       222,  Reduce,          5000,             Success,        107.50,       107.50,        50.00,    157.50,         854,openstack-micro
               3,             6,      129,J={9-2},     GOLD,BacktrackingDecision,              Hybrid,       223,  Reduce,          1000,             Success,        107.50,       107.50,        10.00,    117.50,         855,openstack-micro
